,Adj Close,Adj Close,Adj Close,Adj Close,Adj Close,Adj Close,Close,Close,Close,Close,Close,Close,High,High,High,High,High,High,Low,Low,Low,Low,Low,Low,Open,Open,Open,Open,Open,Open,Volume,Volume,Volume,Volume,Volume,Volume
,BIMBOA.MX,BOLSAA.MX,GENIUS21.MX,HERDEZ.MX,IVVPESOISHRS.MX,WALMEX.MX,BIMBOA.MX,BOLSAA.MX,GENIUS21.MX,HERDEZ.MX,IVVPESOISHRS.MX,WALMEX.MX,BIMBOA.MX,BOLSAA.MX,GENIUS21.MX,HERDEZ.MX,IVVPESOISHRS.MX,WALMEX.MX,BIMBOA.MX,BOLSAA.MX,GENIUS21.MX,HERDEZ.MX,IVVPESOISHRS.MX,WALMEX.MX,BIMBOA.MX,BOLSAA.MX,GENIUS21.MX,HERDEZ.MX,IVVPESOISHRS.MX,WALMEX.MX,BIMBOA.MX,BOLSAA.MX,GENIUS21.MX,HERDEZ.MX,IVVPESOISHRS.MX,WALMEX.MX
Date,,,,,,,,,,,,,,,,,,,,,,,,,,,,,,,,,,,,
2023-11-10,80.4800033569336,30.0,53.560001373291016,40.970001220703125,81.91000366210938,66.97000122070312,80.4800033569336,30.0,53.560001373291016,40.970001220703125,81.91000366210938,66.97000122070312,81.0,30.31999969482422,53.560001373291016,41.400001525878906,81.91999816894531,67.33000183105469,80.02999877929688,29.81999969482422,53.279998779296875,40.529998779296875,80.88999938964844,64.38999938964844,80.02999877929688,30.06999969482422,53.310001373291016,41.290000915527344,80.88999938964844,64.41000366210938,882517,940625,31851,37214,247331,6283195
