,Adj Close,Adj Close,Adj Close,Close,Close,Close,High,High,High,Low,Low,Low,Open,Open,Open,Volume,Volume,Volume
,AUDEUR=X,EURUSD=X,USDGBP=X,AUDEUR=X,EURUSD=X,USDGBP=X,AUDEUR=X,EURUSD=X,USDGBP=X,AUDEUR=X,EURUSD=X,USDGBP=X,AUDEUR=X,EURUSD=X,USDGBP=X,AUDEUR=X,EURUSD=X,USDGBP=X
Date,,,,,,,,,,,,,,,,,,
2023-12-05,0.6077200174331665,1.078399658203125,0.7948399782180786,0.6077200174331665,1.078399658203125,0.7948399782180786,0.6110000014305115,1.0849517583847046,0.7950000166893005,0.6050199866294861,1.0781670808792114,0.7904999852180481,0.6105800271034241,1.0834236145019531,0.7915400266647339,0,0,0
